{
  "userLogin" : {
    "transaction" : "userLogin",
    "sampleCount" : 10,
    "errorCount" : 0,
    "errorPct" : 0.0,
    "meanResTime" : 512.7,
    "medianResTime" : 491.0,
    "minResTime" : 440.0,
    "maxResTime" : 673.0,
    "pct1ResTime" : 662.6,
    "pct2ResTime" : 673.0,
    "pct3ResTime" : 673.0,
    "throughput" : 1.371742112482853,
    "receivedKBytesPerSec" : 1.5842013888888888,
    "sentKBytesPerSec" : 0.3938400205761317
  },
  "Total" : {
    "transaction" : "Total",
    "sampleCount" : 70,
    "errorCount" : 0,
    "errorPct" : 0.0,
    "meanResTime" : 469.78571428571416,
    "medianResTime" : 493.5,
    "minResTime" : 96.0,
    "maxResTime" : 1239.0,
    "pct1ResTime" : 742.5999999999999,
    "pct2ResTime" : 810.6500000000002,
    "pct3ResTime" : 1239.0,
    "throughput" : 4.925068599169774,
    "receivedKBytesPerSec" : 6.776572833849293,
    "sentKBytesPerSec" : 1.2580637004854711
  },
  "userRegistration" : {
    "transaction" : "userRegistration",
    "sampleCount" : 10,
    "errorCount" : 0,
    "errorPct" : 0.0,
    "meanResTime" : 733.5,
    "medianResTime" : 670.0,
    "minResTime" : 633.0,
    "maxResTime" : 1239.0,
    "pct1ResTime" : 1191.4,
    "pct2ResTime" : 1239.0,
    "pct3ResTime" : 1239.0,
    "throughput" : 1.4669209329617134,
    "receivedKBytesPerSec" : 1.7044360605838345,
    "sentKBytesPerSec" : 0.42546437215784066
  },
  "deleteUser" : {
    "transaction" : "deleteUser",
    "sampleCount" : 10,
    "errorCount" : 0,
    "errorPct" : 0.0,
    "meanResTime" : 575.8,
    "medianResTime" : 528.5,
    "minResTime" : 471.0,
    "maxResTime" : 776.0,
    "pct1ResTime" : 773.0,
    "pct2ResTime" : 776.0,
    "pct3ResTime" : 776.0,
    "throughput" : 1.2924906294429364,
    "receivedKBytesPerSec" : 1.3865243715264315,
    "sentKBytesPerSec" : 0.2914414905648184
  },
  "updateUserData" : {
    "transaction" : "updateUserData",
    "sampleCount" : 10,
    "errorCount" : 0,
    "errorPct" : 0.0,
    "meanResTime" : 576.4,
    "medianResTime" : 556.0,
    "minResTime" : 443.0,
    "maxResTime" : 853.0,
    "pct1ResTime" : 838.9000000000001,
    "pct2ResTime" : 853.0,
    "pct3ResTime" : 853.0,
    "throughput" : 1.3194352816994326,
    "receivedKBytesPerSec" : 1.6114118782161235,
    "sentKBytesPerSec" : 0.3817858144214276
  },
  "getUserList" : {
    "transaction" : "getUserList",
    "sampleCount" : 10,
    "errorCount" : 0,
    "errorPct" : 0.0,
    "meanResTime" : 153.9,
    "medianResTime" : 136.5,
    "minResTime" : 101.0,
    "maxResTime" : 283.0,
    "pct1ResTime" : 275.20000000000005,
    "pct2ResTime" : 283.0,
    "pct3ResTime" : 283.0,
    "throughput" : 1.3871549452073797,
    "receivedKBytesPerSec" : 3.1193375901650717,
    "sentKBytesPerSec" : 0.2871844222499653
  },
  "createNewUser" : {
    "transaction" : "createNewUser",
    "sampleCount" : 10,
    "errorCount" : 0,
    "errorPct" : 0.0,
    "meanResTime" : 576.1,
    "medianResTime" : 491.0,
    "minResTime" : 440.0,
    "maxResTime" : 1009.0,
    "pct1ResTime" : 982.8000000000001,
    "pct2ResTime" : 1009.0,
    "pct3ResTime" : 1009.0,
    "throughput" : 1.25,
    "receivedKBytesPerSec" : 1.54638671875,
    "sentKBytesPerSec" : 0.358642578125
  },
  "getSingleUser" : {
    "transaction" : "getSingleUser",
    "sampleCount" : 10,
    "errorCount" : 0,
    "errorPct" : 0.0,
    "meanResTime" : 160.1,
    "medianResTime" : 163.5,
    "minResTime" : 96.0,
    "maxResTime" : 256.0,
    "pct1ResTime" : 251.8,
    "pct2ResTime" : 256.0,
    "pct3ResTime" : 256.0,
    "throughput" : 1.3303179459890915,
    "receivedKBytesPerSec" : 2.041856167686577,
    "sentKBytesPerSec" : 0.2689216941599042
  }
}